"first_name","last_name","email","phone_number","address","password"
"Derek","Martin","derek.martin@email.com","681-463-5993x52362","9978 Leslie Gardens Apt. 415, Lake Amyshire, IL 30698","coucoucoucou"
"Cathy","Brown","cathy.brown@email.com","(834)329-8453x668","8272 Jessica Pike Apt. 711, North Williammouth, AK 70020","coucoucoucou"
"Brandon","Keller","brandon.keller@email.com","836-399-1830x240","37495 Justin Ranch Apt. 838, Starkfurt, WV 36292","coucoucoucou"
"James","Wright","james.wright@email.com","+1-045-780-2213","546 Megan Roads Apt. 812, Turnerview, NE 28658","coucoucoucou"
"Thomas","Hernandez","thomas.hernandez@email.com","(583)123-5702x8315","257 Hall Isle Apt. 998, Arthurside, AK 57713","coucoucoucou"
"Anna","Thompson","anna.thompson@email.com","738.827.8710","70799 Daniel Trafficway, New Derekhaven, CT 11932","coucoucoucou"
"Willie","Johnson","willie.johnson@email.com","(406)831-7261x83053","Unit 8150 Box 1441, DPO AE 11625","coucoucoucou"
"Katherine","Bailey","katherine.bailey@email.com","+1-074-853-6567x338","6188 Tiffany Cove Apt. 541, South Rachael, WY 78583","coucoucoucou"
"Casey","Williams","casey.williams@email.com","832-536-5244x1808","598 Robles Avenue, West Williammouth, NM 62174","coucoucoucou"
"Sarah","Wilkins","sarah.wilkins@email.com","577-504-4522","401 Barker Motorway Apt. 255, South Sarahport, TX 16199","coucoucoucou"
"Adam","Blair","adam.blair@email.com","+1-396-463-2518","7828 Robert Row Suite 712, Rebeccaberg, OK 95661","coucoucoucou"
"Lisa","Bird","lisa.bird@email.com","(830)897-3706","9649 Castro Terrace, North Deannaborough, NE 82713","coucoucoucou"
"Cory","Scott","cory.scott@email.com","243.955.4465x530","717 Reynolds Key, Ricardoshire, CO 85429","coucoucoucou"
"Karen","Henderson","karen.henderson@email.com","001-167-461-5291x81358","70658 Eric Crossing Apt. 006, Wendyberg, GA 35391","coucoucoucou"
"Michael","Ward","michael.ward@email.com","731.993.9000x0998","549 Melinda Burgs Apt. 385, West Tammychester, WV 87422","coucoucoucou"
"Michael","Williamson","michael.williamson@email.com","(832)895-2573x5093","2797 Warren Creek, Robinsonfort, AL 24559","coucoucoucou"
"Melissa","Simmons","melissa.simmons@email.com","(146)873-8541","7583 Knapp Centers Apt. 566, East Joseph, MT 27715","coucoucoucou"
"Kyle","Wu","kyle.wu@email.com","(917)968-5133x299","908 Brown Track Suite 471, Michaelstad, AK 93080","coucoucoucou"
"Karen","Hall","karen.hall@email.com","421-230-3389x16929","90819 Hudson Hills Suite 406, Adamsshire, PA 64300","coucoucoucou"
"Marc","Patrick","marc.patrick@email.com","(924)542-9825","PSC 1817, Box 3373, APO AA 37830","coucoucoucou"
"Kevin","Smith","kevin.smith@email.com","001-882-075-1399x617","0675 Nelson Inlet Suite 659, Daltontown, MD 45707","coucoucoucou"
"Charles","Parker","charles.parker@email.com","2209576052","846 Reyes Ville, Hollandburgh, WA 59549","coucoucoucou"
"Samantha","Pope","samantha.pope@email.com","(862)621-3206x958","7127 Kayla Freeway Apt. 801, Castillobury, ND 55440","coucoucoucou"
"Andrea","Scott","andrea.scott@email.com","400.996.9296","7255 Miller Forks Apt. 646, New Stevenstad, NV 67104","coucoucoucou"
"Elizabeth","Doyle","elizabeth.doyle@email.com","1469465840","53247 Jacqueline Forges, South Jason, DC 87253","coucoucoucou"
"Joseph","Berry","joseph.berry@email.com","585.924.3137x5458","0370 Alice Parkway Suite 380, Port Frank, AL 45380","coucoucoucou"
"Christine","Villanueva","christine.villanueva@email.com","423-166-6311","15413 Tina Brooks Suite 317, Lake Annahaven, LA 84275","coucoucoucou"
"Richard","Klein","richard.klein@email.com","(286)283-2659","565 Rodriguez Throughway Apt. 911, Wilsonland, VA 06867","coucoucoucou"
"Lisa","Morris","lisa.morris@email.com","+1-507-725-1031","698 Koch Inlet Suite 943, South Michael, RI 04714","coucoucoucou"
"Billy","Ramirez","billy.ramirez@email.com","024-181-2129x47076","0308 Potter Roads Suite 045, Fosterton, MA 20586","coucoucoucou"
